session,user_id,sku_id,time,price,discount,purchase
6,001BF25EB8094642,2003759,100,8,0,0
13,002275B1CA67BDA1,2003759,66,9.3,1,0
43,0043BF3B3DDE01BC,2003759,60,19,0,0
44,0043BF3B3DDE01BC,2003759,60,9.3,1,0
73,0069839AD0FAE6E2,2003759,120,9,1,0
177,0135CD39AB172D0E,2003759,1023,409,0,0
210,01755778B0C3B56B,2003759,60,9,1,0
307,022819975BABCE86,2003759,120,409,0,0
313,025114C43B1ED2A2,2003759,12,19,0,0
315,025114C43B1ED2A2,2003759,6,9.3,1,0
354,028A7853A34980B8,2003759,1083,9,1,1
340,028A7853A34980B8,2003759,180,13,1,0
353,028A7853A34980B8,2003759,9,9,1,0
456,031D4710F4E90F79,2003759,60,19,0,0
446,031D4710F4E90F79,2003759,60,409,0,0
602,045942BCE085F397,2003759,60,13,1,0
656,04CA12412EA5AEFB,2003759,73,19,0,1
652,04CA12412EA5AEFB,2003759,60,9.3,1,0
716,050763235A3E1A74,2003759,57,409,0,0
843,05A66F0A74A464B9,2003759,60,11,1,1
846,05A66F0A74A464B9,2003759,239,9.3,1,1
865,05A8D8DDDE6B1E7F,2003759,1318,409,0,0
1028,06B334EAB34F6DFC,2003759,30,409,0,0
1062,06D356655B2A5192,2003759,119,409,0,0
1061,06D356655B2A5192,2003759,60,409,0,0
1137,06E936DC4B653F90,2003759,1021,9.3,0,0
1131,06E936DC4B653F90,2003759,13,11,1,0
1128,06E936DC4B653F90,2003759,344,19,0,0
1141,06EC85B0A46252CC,2003759,60,409,0,0
1176,07262B30B5A2C019,2003759,527,8,0,1
1180,07262B30B5A2C019,2003759,120,13.5,0,0
1179,07262B30B5A2C019,2003759,60,19,0,0
1171,07262B30B5A2C019,2003759,184,13,1,0
1164,07262B30B5A2C019,2003759,34,19,0,0
1155,07262B30B5A2C019,2003759,201,409,0,0
1273,07BF66154A133B0D,2003759,180,409,0,0
1269,07BF66154A133B0D,2003759,0,409,0,0
1335,07C284206DA7E49F,2003759,1083,9.25,1,1
1336,07C284206DA7E49F,2003759,337,19,0,1
1334,07C284206DA7E49F,2003759,60,9,1,0
1333,07C284206DA7E49F,2003759,60,8,0,0
1330,07C284206DA7E49F,2003759,60,9.3,1,0
1329,07C284206DA7E49F,2003759,60,9.3,0,0
1398,080C3DCA164052B6,2003759,60,9,1,0
1397,080C3DCA164052B6,2003759,60,9.3,1,0
1399,080C3DCA164052B6,2003759,844,19,0,0
1452,08C62160A46AF1E8,2003759,1376,409,0,0
1480,08D9B96A9CEF8AC9,2003759,60,409,0,0
1477,08D9B96A9CEF8AC9,2003759,60,409,0,0
1496,08E183175BD7A535,2003759,60,9.3,1,1
1527,090C53FCC328B1B6,2003759,2,409,0,0
1570,093AAC976D4CFA19,2003759,60,409,0,0
1740,0AC59A259FCF8395,2003759,60,409,0,0
1788,0AF64206915D311B,2003759,60,19,0,1
1787,0AF64206915D311B,2003759,60,9,1,0
1786,0AF64206915D311B,2003759,60,9,1,0
1785,0AF64206915D311B,2003759,60,11,1,0
1769,0AF64206915D311B,2003759,60,19,0,0
1899,0C0E489D2A010079,2003759,554,13,1,0
1913,0C1719013AAF3215,2003759,60,409,0,0
1998,0C8E7911F6C44E22,2003759,67,9,1,1
2065,0D41A5E977712207,2003759,669,19,0,1
2102,0D87712FABF06568,2003759,18,9.3,1,0
2183,0E1FCDD6DF17F3B6,2003759,494,9.5,1,0
2330,0F801E9854B5CCAC,2003759,266,9.3,1,1
2463,10509507AF61F10E,2003759,32,19,0,0
2454,10509507AF61F10E,2003759,60,19,0,0
2590,10AC10AD46E7319E,2003759,22,9.5,1,1
2643,1109746BF8CABE2D,2003759,1,409,0,0
2813,12E45BC31A0B8C80,2003759,60,9,1,0
2810,12E45BC31A0B8C80,2003759,67,13,1,0
2895,135B6884ECC2B003,2003759,62,19,0,1
2905,135B6884ECC2B003,2003759,2386,7.5,1,1
2909,135B6884ECC2B003,2003759,266,9.5,1,0
2908,135B6884ECC2B003,2003759,60,9,1,0
2907,135B6884ECC2B003,2003759,60,9,1,0
2906,135B6884ECC2B003,2003759,120,8,0,0
2934,135E30AF490582F1,2003759,60,9,1,0
2933,135E30AF490582F1,2003759,60,9,1,0
2932,135E30AF490582F1,2003759,257,9.3,0,0
2984,13D76460CC4531F9,2003759,60,9.3,0,0
3007,13FACEA747D0366B,2003759,60,409,0,0
3030,1417872DDD36C2C9,2003759,517,409,0,1
3078,148AEA9B0B57470A,2003759,271,9,1,1
3077,148AEA9B0B57470A,2003759,60,8,0,0
3098,149BA21D0ABAFCBB,2003759,298,409,0,1
3147,14E289DE62FED3EB,2003759,168,13,1,1
3206,15419DC58465B0D6,2003759,60,9.3,1,0
3242,15AE9746F800E44F,2003759,60,19,0,0
3363,1627E0F9A1609764,2003759,68,19,0,0
3361,1627E0F9A1609764,2003759,60,9,1,0
3360,1627E0F9A1609764,2003759,60,11,1,0
3356,1627E0F9A1609764,2003759,1948,8,0,0
3355,1627E0F9A1609764,2003759,120,8.65,1,0
3337,1627E0F9A1609764,2003759,67,409,0,0
3409,1644F0A41BAFD96A,2003759,240,9.3,1,0
3455,167876E94E8D9544,2003759,1554,409,0,0
3454,167876E94E8D9544,2003759,1,409,0,0
3493,16C42FC955BD4273,2003759,60,9.3,1,1
3566,172596C07110713A,2003759,161,19,0,0
3801,18B69F9F8538545F,2003759,27,13,1,1
3794,18B69F9F8538545F,2003759,182,409,0,0
3817,18EE4BC16C0F0399,2003759,0,409,0,0
3852,191C42980749BBCC,2003759,60,9.3,1,1
3853,191C42980749BBCC,2003759,60,11.5,1,0
3939,19A0C58E04015CB9,2003759,464,9.3,1,0
3949,19A52D934C02A669,2003759,597,409,0,0
3997,19C2A275C1C0D91A,2003759,60,11.5,1,1
3992,19C2A275C1C0D91A,2003759,60,8,0,1
3992,19C2A275C1C0D91A,2003759,60,8,0,1
3991,19C2A275C1C0D91A,2003759,60,19,0,0
3981,19C2A275C1C0D91A,2003759,11,409,0,0
3993,19C2A275C1C0D91A,2003759,60,19,0,0
4061,19F50E7A412CE610,2003759,120,19,0,1
4062,19F74593973911E9,2003759,60,19,0,1
4080,1A199B1B6A3446A5,2003759,60,19,0,0
4251,1A96CB57BFDCD678,2003759,60,19,0,0
4271,1AAF61556FEC7821,2003759,173,19,0,0
4290,1AC9B49CA47073D9,2003759,60,409,0,0
4300,1ACB60A3A3515D56,2003759,147,9.3,1,0
4299,1ACB60A3A3515D56,2003759,60,9.3,1,0
4320,1AEFB7EC90E8BB9A,2003759,60,409,0,0
4369,1B31E01463BB9446,2003759,5950,19,0,1
4361,1B31E01463BB9446,2003759,48,19,0,0
4431,1B745B4412D08089,2003759,60,19,0,1
4447,1B937B8B560CD6FF,2003759,5,8,0,0
4452,1B972D678E4A388D,2003759,60,19,0,0
4481,1BB40246F013E939,2003759,0,409,0,0
4480,1BB40246F013E939,2003759,55,409,0,0
4625,1CF75FA8AE4E3737,2003759,67,13,1,0
4662,1D4A8F0DE69D49A8,2003759,534,409,0,1
4662,1D4A8F0DE69D49A8,2003759,534,409,0,1
4763,1E34590E6EDFB34B,2003759,72,8,0,1
4765,1E34590E6EDFB34B,2003759,1010,9,1,0
4877,1EF77F0A326CEDD4,2003759,891,9.15,1,1
4853,1EF77F0A326CEDD4,2003759,4135,409,0,1
4876,1EF77F0A326CEDD4,2003759,2271,9.3,0,0
4875,1EF77F0A326CEDD4,2003759,60,8,0,0
4846,1EF77F0A326CEDD4,2003759,440,409,0,0
4845,1EF77F0A326CEDD4,2003759,444,409,0,0
4894,1F059FB169C950DC,2003759,217,9,1,1
4909,1F32DEF7035986B5,2003759,60,19,0,1
4908,1F32DEF7035986B5,2003759,60,9,1,0
4948,1FA179F26260A7D4,2003759,64,409,0,1
5043,204A618BDEC43A9C,2003759,60,11,1,0
5136,208885E1B89DEC93,2003759,60,19,0,1
5232,20FA8BE6F89F3FD7,2003759,67,19,0,1
5232,20FA8BE6F89F3FD7,2003759,67,19,0,1
5260,213B5D9EE9EFCABC,2003759,726,409,0,1
5429,21C5223A1AEF2919,2003759,190,9.5,1,1
5429,21C5223A1AEF2919,2003759,190,9.5,1,1
5426,21C5223A1AEF2919,2003759,2285,9,1,0
5474,21D4C463CB180D55,2003759,197,9,1,1
5473,21D4C463CB180D55,2003759,3471,16.22857143,1,1
5475,21D4C463CB180D55,2003759,66,8,0,0
5459,21D4C463CB180D55,2003759,73,409,0,0
5510,220C2AF1C60A342A,2003759,1298,19,0,1
5509,220C2AF1C60A342A,2003759,60,19,0,0
5540,221E50BC856B4075,2003759,65,9.3,1,1
5547,22352B5AD93EB82A,2003759,60,9,1,1
5587,228A9103F0E29379,2003759,134,13,1,1
5585,228A9103F0E29379,2003759,137,19,0,0
5592,22A1D3931FE03E5F,2003759,161,9.3,1,0
5817,23F14F2E2DDBAC3B,2003759,78,8,0,0
5816,23F14F2E2DDBAC3B,2003759,60,9.3,1,0
5843,2439E317EBBFE8E9,2003759,1140,409,0,0
5972,2535BD793FAA78FD,2003759,0,409,0,0
6085,2608E7CB322DBF70,2003759,57,9.3,1,0
6227,26FF3655AE54E106,2003759,71,409,0,1
6238,26FF3655AE54E106,2003759,62,9.3,1,1
6226,26FF3655AE54E106,2003759,60,409,0,0
6225,26FF3655AE54E106,2003759,60,19,0,0
6254,27121EBBAFE31C62,2003759,60,409,0,0
6264,271D808B2F0A6B42,2003759,2,409,0,0
6291,276AAE3FA4C45707,2003759,60,9,1,0
6301,276B527E70A38E6F,2003759,60,9.3,1,0
6454,27DAB563710BFC20,2003759,60,9,1,0
6453,27DAB563710BFC20,2003759,60,9,1,0
6450,27DAB563710BFC20,2003759,60,9.3,1,0
6449,27DAB563710BFC20,2003759,67,19,0,0
6596,28BF269104871C94,2003759,60,409,0,0
6610,28D5299D66E3AB9A,2003759,72,409,0,0
6646,28E2BE25E3E94B58,2003759,60,7,1,0
6644,28E2BE25E3E94B58,2003759,60,19,0,0
6650,28EB74582936A227,2003759,120,9.3,1,1
6659,28EE9EBD612E469C,2003759,60,9,1,0
6759,29AEE7C6C79D3A83,2003759,204,13,1,0
6779,29F45E35DEFC5652,2003759,174,8,0,0
6860,2A92E78FA5FC039A,2003759,300,409,0,0
6910,2AE1CF8A462153F4,2003759,60,9,1,0
6939,2B1ED645DF0188C0,2003759,214,9.3,1,1
6938,2B1ED645DF0188C0,2003759,60,9,1,0
6937,2B1ED645DF0188C0,2003759,60,9.3,1,0
6936,2B1ED645DF0188C0,2003759,60,8,0,0
6958,2B49DC27F99F4881,2003759,60,19,0,1
6957,2B49DC27F99F4881,2003759,2677,9.5,1,0
6967,2B5DBA626E66031E,2003759,105,9.5,1,1
6993,2BB68602947A5CE8,2003759,60,19,0,0
6995,2BCBCDBBE087DD38,2003759,0,409,0,0
7169,2CA216F2ACFCCF40,2003759,68,9,1,0
7163,2CA216F2ACFCCF40,2003759,60,19,0,0
7198,2CADDE6F66115CF3,2003759,272,409,0,0
7215,2CC19E275F79E833,2003759,126,9,1,0
7265,2D290414D19399D6,2003759,0,409,0,0
7326,2D7E034F77AACB4D,2003759,78,9.5,1,1
7366,2DE396A41AE11F1C,2003759,60,9,1,1
7367,2DE396A41AE11F1C,2003759,60,19,0,1
7594,300F43133E76714B,2003759,60,9.3,1,0
7628,305B2D0A0A2F6FC3,2003759,0,409,0,0
7638,30691D17521EEC47,2003759,120,409,0,1
7637,30691D17521EEC47,2003759,60,409,0,0
7669,308F4604388692D4,2003759,0,409,0,0
7850,31167D928A67AABE,2003759,7,409,0,0
7849,31167D928A67AABE,2003759,0,409,0,0
7881,3162D489A7B953BD,2003759,138,409,0,0
7942,31C3A37059203C54,2003759,505,14.125,1,1
7942,31C3A37059203C54,2003759,505,14.125,1,1
7941,31C3A37059203C54,2003759,60,9,1,0
7940,31C3A37059203C54,2003759,60,9,1,0
7939,31C3A37059203C54,2003759,60,11,1,0
7938,31C3A37059203C54,2003759,60,1.1,1,0
7937,31C3A37059203C54,2003759,60,8,0,0
7946,31C5EC50811F45B8,2003759,117,409,0,1
7975,31EDD11453BA164D,2003759,58,409,0,0
7984,31FE25E1A5FF2D53,2003759,2694,409,0,1
7984,31FE25E1A5FF2D53,2003759,2694,409,0,1
8040,328D50695EBE92A2,2003759,136,9,1,1
8040,328D50695EBE92A2,2003759,136,9,1,1
8041,328D50695EBE92A2,2003759,60,9.5,1,0
8038,328D50695EBE92A2,2003759,60,8,0,0
8037,328D50695EBE92A2,2003759,60,14,1,0
8188,33891F5D81EE5947,2003759,219,9,1,1
8187,33891F5D81EE5947,2003759,60,9.3,1,0
8225,33EC222B3B788552,2003759,60,8,0,0
8263,33FF6C08047FB3AB,2003759,60,9,1,1
8283,3422E7FDE56E8F2A,2003759,1714,19,0,0
8327,3451AC62657E8D56,2003759,130,9.2,1,1
8351,3490E3759BE4A025,2003759,0,409,0,0
8349,3490E3759BE4A025,2003759,0,409,0,0
8491,353D91E782FFC0C2,2003759,105,19,0,0
8532,356E1DB51FED9F16,2003759,295,13,1,0
8607,35CE010AA02C6304,2003759,60,9.3,1,0
8606,35CE010AA02C6304,2003759,60,9.3,0,0
8603,35CE010AA02C6304,2003759,60,19,0,0
8620,35F9D0541420AF47,2003759,1203,409,0,1
8620,35F9D0541420AF47,2003759,1203,409,0,1
8620,35F9D0541420AF47,2003759,1203,409,0,1
8620,35F9D0541420AF47,2003759,1203,409,0,1
8620,35F9D0541420AF47,2003759,1203,409,0,1
8620,35F9D0541420AF47,2003759,1203,409,0,1
8619,35F9D0541420AF47,2003759,60,409,0,0
8691,362A5D55D3DBA025,2003759,207,9,1,1
8712,364536BAA2693283,2003759,1108,13,1,1
8714,364536BAA2693283,2003759,1824,9,1,0
8713,364536BAA2693283,2003759,60,9.3,1,0
8747,365BDE8B1D544E93,2003759,2314,8.371428571,1,1
8745,365BDE8B1D544E93,2003759,60,9.3,0,0
8790,3686714C1A3416CA,2003759,2312,409,0,0
8863,36E9802A21AEB46A,2003759,58,409,0,0
8882,36ED643CE0914FF8,2003759,60,8,0,0
9042,37E4A660430B4056,2003759,61,409,0,0
9041,37E4A660430B4056,2003759,61,409,0,0
9099,387DD19C4D666C2E,2003759,68,19,0,1
9148,38CEA02768E8DF15,2003759,361,409,0,1
9149,38CEA02768E8DF15,2003759,735,409,0,1
9149,38CEA02768E8DF15,2003759,735,409,0,1
9149,38CEA02768E8DF15,2003759,735,409,0,1
9149,38CEA02768E8DF15,2003759,735,409,0,1
9147,38CEA02768E8DF15,2003759,60,409,0,0
9263,3A202EA9A4B586AC,2003759,60,9.3,1,1
9296,3AB1658B5B7FC27D,2003759,60,409,0,0
9345,3B3034D39906C75D,2003759,121,409,0,0
9466,3BFC4E719A3E1933,2003759,60,8,0,0
9465,3BFC4E719A3E1933,2003759,64,9.3,1,0
9492,3C2B2AB87A71E400,2003759,60,8,0,0
9491,3C2B2AB87A71E400,2003759,60,9,1,0
9520,3C585D470482B2C0,2003759,418,409,0,1
9569,3C675CB3F8C84371,2003759,1071,8,0,1
9569,3C675CB3F8C84371,2003759,1071,8,0,1
9579,3C675CB3F8C84371,2003759,70,9,1,1
9580,3C675CB3F8C84371,2003759,180,9,1,1
9582,3C675CB3F8C84371,2003759,82,19,0,0
9581,3C675CB3F8C84371,2003759,305,9.5,1,0
9578,3C675CB3F8C84371,2003759,120,8,0,0
9576,3C675CB3F8C84371,2003759,60,19,0,0
9570,3C675CB3F8C84371,2003759,487,19,0,0
9554,3C675CB3F8C84371,2003759,128,19,0,0
9550,3C675CB3F8C84371,2003759,69,14,1,0
9627,3C790FE76008D6F1,2003759,60,9,1,0
9625,3C790FE76008D6F1,2003759,60,9.3,1,0
9671,3D0F246A9819661B,2003759,60,8,0,1
9670,3D0F246A9819661B,2003759,60,9.3,1,0
9669,3D0F246A9819661B,2003759,60,8,0,0
9766,3DC9F2F0BF1D7DD7,2003759,60,409,0,0
9795,3DD45C310D8DF2C2,2003759,60,19,0,0
9777,3DD45C310D8DF2C2,2003759,60,409,0,0
9817,3DE14E4967563400,2003759,60,9,1,0
9855,3E2DC2CEA398CD21,2003759,60,8,0,0
9893,3E8ADCF6F285FF6C,2003759,60,19,0,0
9985,3F18A417B1B5D838,2003759,60,9.3,1,1
9984,3F18A417B1B5D838,2003759,60,8,0,0
9981,3F18A417B1B5D838,2003759,60,8,0,0
10018,3F2C724116E20384,2003759,195,19,0,0
10016,3F2C724116E20384,2003759,60,8,0,0
10013,3F2C724116E20384,2003759,60,19,0,0
10049,3F3B805D810003EC,2003759,71,9,1,1
10047,3F3B805D810003EC,2003759,175,9.3,1,0
10073,3F4A5EE53A6D0D58,2003759,60,9,1,0
10072,3F4A5EE53A6D0D58,2003759,2,8,0,0
10119,3FAF02F7830CECFA,2003759,69,409,0,1
10266,4143FA03595E11CA,2003759,58,409,0,0
10265,4143FA03595E11CA,2003759,60,409,0,0
10327,41A2D3C013100AA5,2003759,96,19,0,0
10317,41A2D3C013100AA5,2003759,2,409,0,0
10420,4238865DC50DD9F1,2003759,229,9.3,0,0
10443,424FEEE9D5DC19A9,2003759,247,9.5,1,0
10442,424FEEE9D5DC19A9,2003759,60,9,1,0
10439,424FEEE9D5DC19A9,2003759,60,8,0,0
10475,4283BE19B479B161,2003759,66,9.3,1,1
10495,429901A0ED0E6BE4,2003759,60,19,0,1
10496,429901A0ED0E6BE4,2003759,228,19,0,0
10557,42D5AFA9D0B50150,2003759,1,409,0,0
10569,42DBF519BE973E0A,2003759,120,19,0,0
10567,42DBF519BE973E0A,2003759,60,19,0,0
10611,431889291A9A5EEE,2003759,60,19,0,1
10755,43F6AA9241E2C5D5,2003759,1,409,0,0
10784,4407176BCAC75F5E,2003759,1058,9,1,1
10783,4407176BCAC75F5E,2003759,616,9.3,0,0
10821,4410D999B27F61FA,2003759,60,9.3,1,0
10812,4410D999B27F61FA,2003759,35,19,0,0
10798,4410D999B27F61FA,2003759,60,409,0,0
10832,443A68565A1573D6,2003759,1658,19,0,0
10855,443F4CA75D9E3882,2003759,120,409,0,0
10965,44C66E0F46464C91,2003759,60,9,1,1
11055,456E5B16EAC0AA26,2003759,60,409,0,0
11101,45DF5A9E31D5CB74,2003759,62,19,0,0
11099,45DF5A9E31D5CB74,2003759,184,7,1,0
11100,45DF5A9E31D5CB74,2003759,60,9,1,0
11222,462AC8D5521CF68A,2003759,297,8.866666667,1,0
11252,4685AA6DD5791D6B,2003759,81,9.3,1,1
11265,469C3A6F6AADAC8E,2003759,120,9.3,1,1
11290,46F0C050038E6287,2003759,109,13,1,0
11295,46F0C050038E6287,2003759,60,1.1,1,0
11284,46F0C050038E6287,2003759,60,409,0,0
11331,475541B4296E1957,2003759,86,9.3,1,1
11366,479356C4337EFD22,2003759,21,409,0,0
11424,47ECD9822FF91B3E,2003759,203,9.5,1,1
11433,47FDF69E02273AD1,2003759,155,13,1,1
11487,48AD228A78BC32F9,2003759,60,409,0,0
11486,48AD228A78BC32F9,2003759,60,409,0,0
11511,48BD745F75EA369B,2003759,0,409,0,0
11644,498F0E43A92A9D05,2003759,65,9.5,1,0
11641,498F0E43A92A9D05,2003759,60,8,0,0
11754,4A35A76009D98FEA,2003759,773,9,1,0
11803,4A7177DA677F1BFB,2003759,60,409,0,0
11806,4A7177DA677F1BFB,2003759,538,409,0,0
11861,4AB9645C27F8768E,2003759,60,409,0,0
11903,4AFB1E6F238441AA,2003759,60,409,0,0
11940,4B0E1BE9F27F4310,2003759,60,1.1,1,0
11939,4B0E1BE9F27F4310,2003759,167,9,1,0
11934,4B0E1BE9F27F4310,2003759,60,19,0,0
11972,4B1F925BF3AD35C8,2003759,32,9.3,1,1
11976,4B1F925BF3AD35C8,2003759,68,11,1,0
11974,4B1F925BF3AD35C8,2003759,60,8,0,0
11973,4B1F925BF3AD35C8,2003759,454,8,0,0
12001,4B47C50CBD4A1B99,2003759,192,9.3,1,0
12047,4B65D1D8B73FD5FC,2003759,191,9.3,0,1
12054,4B65D1D8B73FD5FC,2003759,13560,10.57142857,1,1
12052,4B65D1D8B73FD5FC,2003759,60,9,1,0
12053,4B65D1D8B73FD5FC,2003759,120,9,1,0
12051,4B65D1D8B73FD5FC,2003759,60,8,0,0
12046,4B65D1D8B73FD5FC,2003759,60,19,0,0
12044,4B65D1D8B73FD5FC,2003759,60,19,0,0
12151,4BFFAF8D7D16D60C,2003759,180,15.33333333,0,1
12159,4BFFAF8D7D16D60C,2003759,339,9.5,1,1
12302,4CC4D095321DCFEB,2003759,68,9,1,1
12308,4CCDFDC5B421D7A7,2003759,961,409,0,0
12307,4CCDFDC5B421D7A7,2003759,3,409,0,0
12318,4CD872DCD633F70C,2003759,62,19,0,1
12318,4CD872DCD633F70C,2003759,62,19,0,1
12339,4CFEFC9C5F67EA6A,2003759,60,11.5,1,1
12423,4D1F09925AD29DCC,2003759,545,19,0,0
12417,4D1F09925AD29DCC,2003759,85,19,0,0
12380,4D1F09925AD29DCC,2003759,60,19,0,0
12467,4D8BD8FCC15A4287,2003759,136,13,1,1
12514,4DC7AEC25098356C,2003759,1,409,0,0
12534,4DCA3175AB9B7CC6,2003759,480,409,0,1
12587,4E13A66267F653A9,2003759,63,9.3,1,1
12588,4E13A66267F653A9,2003759,71,19,0,0
12636,4E34D5CCC7CF1E38,2003759,2236,9.5,1,1
12733,4EC77F2284FDB1A2,2003759,78,409,0,0
12757,4ED880C163255469,2003759,60,409,0,0
12764,4EF794ECBFBDF14B,2003759,109,9.3,1,0
12846,4F8BDE0953E49512,2003759,237,409,0,0
12850,4F8FD39138212C38,2003759,60,9.3,1,0
12897,4FDBB1C469BFCF2C,2003759,64,9,1,1
12889,4FDBB1C469BFCF2C,2003759,22,19,0,0
13131,51F69720DEDF76A0,2003759,3268,8,0,1
13131,51F69720DEDF76A0,2003759,3268,8,0,1
13135,51F69720DEDF76A0,2003759,64,9.3,1,1
13136,51F69720DEDF76A0,2003759,60,8,0,1
13139,51F69720DEDF76A0,2003759,258,9.333333333,1,0
13138,51F69720DEDF76A0,2003759,60,9,1,0
13137,51F69720DEDF76A0,2003759,120,11,1,0
13132,51F69720DEDF76A0,2003759,204,19,0,0
13133,51F69720DEDF76A0,2003759,60,9.3,1,0
13134,51F69720DEDF76A0,2003759,64,9,1,0
13220,524C74169F224EB6,2003759,120,9,1,0
13233,5266B396E4A7A274,2003759,60,19,0,0
13340,52E3E465F1A0122E,2003759,9739,9.5,1,1
13316,52E3E465F1A0122E,2003759,4039,409,0,1
13338,52E3E465F1A0122E,2003759,60,9,1,0
13339,52E3E465F1A0122E,2003759,60,9,1,0
13336,52E3E465F1A0122E,2003759,93,9.3,0,0
13333,52E3E465F1A0122E,2003759,60,19,0,0
13337,52E3E465F1A0122E,2003759,60,8,0,0
13323,52E3E465F1A0122E,2003759,258,19,0,0
13320,52E3E465F1A0122E,2003759,300,409,0,0
13504,543DB0A249235C91,2003759,60,409,0,0
13533,5464B4F7718A772C,2003759,60,9.5,1,0
13540,5465BE6DCD819FE8,2003759,60,19,0,0
13625,54C91C46D155EE98,2003759,449,9.5,1,1
13686,555FF64C2B0E9AA1,2003759,55,9.3,1,0
13726,558A6FBE8B10F5DA,2003759,72,9.3,1,0
13747,55C516AF1BD82E50,2003759,120,409,0,1
13747,55C516AF1BD82E50,2003759,120,409,0,1
13756,55C516AF1BD82E50,2003759,69,19,0,1
13767,55CC70DCA17285A4,2003759,60,8,0,0
13766,55CC70DCA17285A4,2003759,60,19,0,0
13777,55D7695A4A64CC74,2003759,185,409,0,1
13781,55D7695A4A64CC74,2003759,8,409,0,0
13776,55D7695A4A64CC74,2003759,60,409,0,0
13808,55E61599F06222F8,2003759,142,9,1,1
13833,55F41E2290DD95EA,2003759,237,409,0,0
13984,56E43178C6E9C3FE,2003759,30,409,0,1
13987,56E43178C6E9C3FE,2003759,80,9.5,1,0
14066,57B0DF63894068A0,2003759,236,409,0,1
14066,57B0DF63894068A0,2003759,236,409,0,1
14066,57B0DF63894068A0,2003759,236,409,0,1
14085,57B0DF63894068A0,2003759,370,19,0,0
14096,57B6D35C75F784CA,2003759,120,9.5,1,1
14117,57D8C2C3FAC298B6,2003759,0,409,0,0
14115,57D8C2C3FAC298B6,2003759,0,409,0,0
14166,582344F8E231D2D3,2003759,60,19,0,0
14219,58A50ED0A7442F4E,2003759,615,9.3,1,0
14217,58A50ED0A7442F4E,2003759,79,19,0,0
14251,58A55EF00398DD7E,2003759,78,8,0,1
14244,58A55EF00398DD7E,2003759,60,13,1,1
14249,58A55EF00398DD7E,2003759,60,9.3,1,0
14339,5924B5305BC0F543,2003759,60,409,0,0
14342,593BC8F4E092ABBF,2003759,60,409,0,0
14475,59E5F56A7F90E286,2003759,85,19,0,0
14498,5A11F8690DE01EE7,2003759,73,409,0,1
14504,5A11F8690DE01EE7,2003759,160,9,1,1
14579,5A15EB2DBF077630,2003759,2388,8,0,1
14579,5A15EB2DBF077630,2003759,2388,8,0,1
14584,5A15EB2DBF077630,2003759,240,9,1,1
14562,5A15EB2DBF077630,2003759,9,409,0,0
14559,5A15EB2DBF077630,2003759,60,409,0,0
14603,5A201304517B99DE,2003759,47,19,0,0
14656,5A6674BDC8A90FA9,2003759,60,9.3,1,0
14676,5A8B32ED962FA97E,2003759,131,9.3,1,0
14694,5A9E8149E67D5111,2003759,179,409,0,0
14759,5AFF2C52C53B3154,2003759,60,9.3,1,1
14778,5B274C179F2822CB,2003759,40,409,0,0
14822,5B6BF100853663C1,2003759,39,13,1,0
14832,5B80BC9C1E62CF92,2003759,63,19,0,0
14925,5BD588A1BE70FB09,2003759,76,9,1,1
14941,5BE75F734B17BA70,2003759,58,409,0,0
14949,5C21C297F1972825,2003759,60,409,0,0
15026,5CD4775E9B0F9F13,2003759,120,19,0,1
15025,5CD4775E9B0F9F13,2003759,3003,9.3,1,0
15034,5CD87938FA367C2A,2003759,60,9.3,1,0
15083,5D74B0E15C116725,2003759,60,8,0,1
15085,5D74B0E15C116725,2003759,64,9,1,1
15085,5D74B0E15C116725,2003759,64,9,1,1
15084,5D74B0E15C116725,2003759,60,9.3,0,0
15127,5DA96A9E5EC20369,2003759,8,409,0,0
15138,5DACF77B3B3100B3,2003759,1,409,0,0
15165,5DF36AC6B69673BF,2003759,65,19,0,1
15164,5DF36AC6B69673BF,2003759,60,9,1,0
15185,5DFEEF8A53EE166E,2003759,79,409,0,0
15220,5E07C8771D112B05,2003759,198,19,0,1
15217,5E07C8771D112B05,2003759,120,9.3,1,0
15239,5E3A17C0BCB0AF48,2003759,1317,9,1,0
15346,5F15746DB3A922B5,2003759,64,19,0,1
15344,5F15746DB3A922B5,2003759,60,9.3,1,0
15370,5F79880934DC3807,2003759,60,409,0,0
15382,5F840A20FBDA4462,2003759,1937,11,1,0
15416,5FD9AC215BE0BBCF,2003759,8643,409,0,1
15415,5FD9AC215BE0BBCF,2003759,119,409,0,0
15524,6014028804C55B6C,2003759,1870,17.94444444,1,0
15530,60147FE00620E2EB,2003759,0,409,0,0
15547,6022ABB45CFFD51A,2003759,212,13,1,1
15633,60C870AF35E0FF74,2003759,0,409,0,0
15632,60C870AF35E0FF74,2003759,0,409,0,0
15630,60C870AF35E0FF74,2003759,2,409,0,0
15640,60C9E1C4653D5874,2003759,30,9.3,1,0
15639,60C9E1C4653D5874,2003759,103,9,1,0
15714,619441B97EEEC753,2003759,226,9.5,1,1
15732,61EAABB91D3D1535,2003759,718,409,0,1
15732,61EAABB91D3D1535,2003759,718,409,0,1
15733,61EAABB91D3D1535,2003759,1915,409,0,1
15746,61EAABB91D3D1535,2003759,60,19,0,0
15744,61EAABB91D3D1535,2003759,3059,8,0,0
15736,61EAABB91D3D1535,2003759,455,19,0,0
15776,61F1F06167DFC1F6,2003759,167,9.5,1,0
15808,6244C655D78C29C5,2003759,52,409,0,0
15827,625D637718B9C20B,2003759,60,13,1,1
15887,62B02E7E02ED6DA0,2003759,840,409,0,0
15981,62E5571DD93C10AF,2003759,60,9.5,1,1
15977,62E5571DD93C10AF,2003759,60,9.3,1,0
15982,62E5571DD93C10AF,2003759,70,19,0,0
15991,62F6817C8968A59F,2003759,120,9.3,0,0
15993,62F78C90E3E2FDD4,2003759,60,9.3,1,0
16010,630B525AE75CB1B5,2003759,1927,9.909090909,1,1
16011,630B525AE75CB1B5,2003759,3747,9.325581395,1,0
16009,630B525AE75CB1B5,2003759,60,9.3,1,0
16124,63AC73D73387C9D4,2003759,168,9.5,1,1
16158,63D2EF8DFE576D94,2003759,60,8,0,0
16157,63D2EF8DFE576D94,2003759,60,8,0,0
16218,63E604CA69D7FCD1,2003759,60,9.3,1,0
16238,640D8360D3137880,2003759,60,9.3,1,1
16239,640D8360D3137880,2003759,60,9.3,1,0
16378,64EB909A048BD899,2003759,417,409,0,1
16383,650874A5886560FB,2003759,117,409,0,0
16412,654DBB70A9826E01,2003759,8,13,1,0
16502,65CF5551F06A505E,2003759,60,9.3,1,0
16516,65D6C94BF4289062,2003759,518,9,1,1
16516,65D6C94BF4289062,2003759,518,9,1,1
16518,65D6C94BF4289062,2003759,60,19,0,0
16517,65D6C94BF4289062,2003759,60,9.5,1,0
16576,6628F1A7A64FD349,2003759,60,19,0,0
16575,6628F1A7A64FD349,2003759,329,19,0,0
16710,670A42EEECC0B142,2003759,112,13,1,0
16728,671C7C2FFB51CBED,2003759,60,409,0,0
16753,67249C830350EE91,2003759,6313,8.975,1,1
16755,67249C830350EE91,2003759,1871,8,0,0
16754,67249C830350EE91,2003759,3656,9,1,0
16752,67249C830350EE91,2003759,109,8.866666667,1,0
16749,67249C830350EE91,2003759,60,19,0,0
16771,674CA378DA0FD100,2003759,1683,409,0,0
16788,67562508463F8271,2003759,0,409,0,0
16816,675EFEC6DFF6A1C1,2003759,60,9.5,1,1
16841,6791B85604463145,2003759,60,9,1,0
16839,6791B85604463145,2003759,7,13,1,0
16847,679BC566B1B3363F,2003759,60,409,0,0
16944,686AA70C8A9B7CF9,2003759,60,409,0,0
17013,688D6A43E0A24118,2003759,56,409,0,0
17029,689412996B2839FB,2003759,3610,9.3,1,1
17060,6931FD02D651D9FF,2003759,130,13,1,1
17216,6A872897A6DD2B63,2003759,1140,19,0,1
17252,6AA2F18D9BEC8CC5,2003759,60,9.3,0,1
17254,6AA2F18D9BEC8CC5,2003759,60,8,0,0
17253,6AA2F18D9BEC8CC5,2003759,1988,9.3,1,0
17274,6AC0010B287D73EF,2003759,89,13,1,0
17285,6AD82C8EC3EA1386,2003759,34,9.3,1,0
17438,6C3DD8D6B86E61BA,2003759,173,19,0,0
17432,6C3DD8D6B86E61BA,2003759,83,13,1,0
17460,6C742BBB8CD314CE,2003759,60,19,0,0
17470,6C75377B97A3BA95,2003759,60,19,0,0
17527,6C85D037EF9EB86E,2003759,819,16.625,1,1
17526,6C85D037EF9EB86E,2003759,60,9,1,0
17525,6C85D037EF9EB86E,2003759,756,11.5,1,0
17524,6C85D037EF9EB86E,2003759,67,7,1,0
17514,6C85D037EF9EB86E,2003759,3,19,0,0
17511,6C85D037EF9EB86E,2003759,60,19,0,0
17681,6D7025611680CD47,2003759,60,409,0,0
17725,6D8BDD74843FD910,2003759,60,409,0,0
17757,6DD4EDA4D33DE17C,2003759,60,9.5,1,1
17756,6DD4EDA4D33DE17C,2003759,60,8,0,0
17824,6E9A14DE16187A7B,2003759,60,409,0,0
17887,6EEED2CFE0DB5135,2003759,60,9.5,1,0
17885,6EEED2CFE0DB5135,2003759,60,19,0,0
17884,6EEED2CFE0DB5135,2003759,60,8,0,0
17874,6EEED2CFE0DB5135,2003759,55,409,0,0
17939,6F837DA30444A544,2003759,73,409,0,1
17962,6F837DA30444A544,2003759,120,19,0,1
17962,6F837DA30444A544,2003759,120,19,0,1
18275,71D79D3450502B6D,2003759,102,9,1,1
18274,71D79D3450502B6D,2003759,60,9,1,0
18273,71D79D3450502B6D,2003759,60,8,0,0
18266,71D79D3450502B6D,2003759,60,8,0,0
18265,71D79D3450502B6D,2003759,60,19,0,0
18244,71D79D3450502B6D,2003759,60,409,0,0
18312,71F0A3E2334927F1,2003759,199,9,1,1
18339,724A8CC645F53742,2003759,480,409,0,0
18374,7290034CD03E7CA8,2003759,60,13,1,1
18428,72FD2CDF1E90A32B,2003759,122,409,0,0
18508,73720F873A78D1C2,2003759,94,9.5,1,1
18537,73E4A2CB5CF40175,2003759,141,9.3,1,1
18541,73E4A2CB5CF40175,2003759,1978,9.5,1,0
18582,7434654AF7474E13,2003759,60,19,0,0
18653,74A918394D087AB8,2003759,98,8,0,1
18654,74A918394D087AB8,2003759,60,9,1,0
18670,74D1C7F4FD2B42CF,2003759,60,9.3,1,0
18694,74ED26282830B55B,2003759,218,409,0,1
18694,74ED26282830B55B,2003759,218,409,0,1
18787,75F16B5074C7005C,2003759,360,409,0,1
18786,75F16B5074C7005C,2003759,60,409,0,0
18785,75F16B5074C7005C,2003759,60,409,0,0
18784,75F16B5074C7005C,2003759,60,409,0,0
18953,76BAA0D932119F4D,2003759,60,19,0,1
18958,76BAA0D932119F4D,2003759,60,8,0,1
18971,76BAA0D932119F4D,2003759,1148,11.2,1,1
18971,76BAA0D932119F4D,2003759,1148,11.2,1,1
19038,76EC10929187378D,2003759,64,11,1,1
19083,774C41BCB9FC0C46,2003759,18,9,1,0
19077,774C41BCB9FC0C46,2003759,0,409,0,0
19123,77790DB0E3E9570E,2003759,60,13,1,0
19143,777CDAEB653BEFAF,2003759,60,8,0,1
19176,7794B3300D24EB09,2003759,60,9.3,1,0
19171,7794B3300D24EB09,2003759,60,8,0,0
19204,77E816EB4F4DB434,2003759,1,409,0,0
19415,7934152918CB4F32,2003759,60,9,1,1
19413,7934152918CB4F32,2003759,60,8,0,0
19412,7934152918CB4F32,2003759,60,19,0,0
19408,7934152918CB4F32,2003759,60,14,1,0
19417,7935EBC9ADE5738B,2003759,63,409,0,0
19446,798BCC27F6FDB798,2003759,62,19,0,0
19496,79B875A6D2D91668,2003759,425,19,0,0
19468,79B875A6D2D91668,2003759,120,409,0,0
19559,79D626537455DDB3,2003759,120,9,1,1
19558,79D626537455DDB3,2003759,60,9.3,1,0
19541,79D626537455DDB3,2003759,60,409,0,0
19633,7A86E7995D3A9B8E,2003759,3308,409,0,1
19633,7A86E7995D3A9B8E,2003759,3308,409,0,1
19633,7A86E7995D3A9B8E,2003759,3308,409,0,1
19620,7A86E7995D3A9B8E,2003759,60,409,0,0
19619,7A86E7995D3A9B8E,2003759,60,409,0,0
19697,7A99B704AEADCD38,2003759,6878,13.5,0,1
19697,7A99B704AEADCD38,2003759,6878,13.5,0,1
19713,7A99B704AEADCD38,2003759,70,9,1,1
19710,7A99B704AEADCD38,2003759,60,1.1,1,0
19709,7A99B704AEADCD38,2003759,60,8,0,0
19708,7A99B704AEADCD38,2003759,930,9,1,0
19706,7A99B704AEADCD38,2003759,60,9.3,1,0
19759,7AF444675944DEFF,2003759,60,409,0,0
19773,7B07C4BAEED4D706,2003759,1955,9,1,1
19772,7B07C4BAEED4D706,2003759,60,9.3,1,0
19771,7B07C4BAEED4D706,2003759,60,19,0,0
19810,7BA0C7052F068860,2003759,15,13,1,0
19852,7BB0933B241797F9,2003759,72,9.3,1,0
19848,7BB0933B241797F9,2003759,60,409,0,0
19882,7BFBBF566BF303D1,2003759,662,409,0,1
19881,7BFBBF566BF303D1,2003759,1138,409,0,0
19880,7BFBBF566BF303D1,2003759,60,409,0,0
19908,7C0D7C070E5FD88E,2003759,280,9,1,1
19995,7CEBC06D0CF450BE,2003759,60,9.3,1,0
20015,7D0D266C974624A4,2003759,1298,19,0,1
20022,7D0D266C974624A4,2003759,60,9.3,1,0
20014,7D0D266C974624A4,2003759,89,409,0,0
20013,7D0D266C974624A4,2003759,60,409,0,0
20026,7D15BBAA35EAA775,2003759,0,409,0,0
20036,7D300000CC7C83A3,2003759,226,409,0,1
20036,7D300000CC7C83A3,2003759,226,409,0,1
20035,7D300000CC7C83A3,2003759,60,409,0,0
20054,7D35EBF97BB9B4E4,2003759,120,9,1,0
20088,7DA1A8786379D892,2003759,0,409,0,0
20147,7DFA432A22122E1A,2003759,2683,9.5,1,0
20146,7DFA432A22122E1A,2003759,60,9.3,0,0
20144,7DFA432A22122E1A,2003759,60,8,0,0
20143,7DFA432A22122E1A,2003759,60,14,1,0
20166,7E1122D4B5C8FE4A,2003759,66,9,1,1
20176,7E280B53247A63FD,2003759,55,409,0,0
20199,7E6493D9456F57A4,2003759,242,409,0,1
20199,7E6493D9456F57A4,2003759,242,409,0,1
20253,7E96DF8B34D40A7F,2003759,91,19,0,1
20252,7E96DF8B34D40A7F,2003759,60,9,1,0
20250,7E96DF8B34D40A7F,2003759,60,19,0,0
20249,7E96DF8B34D40A7F,2003759,60,19,0,0
20246,7E96DF8B34D40A7F,2003759,60,19,0,0
20245,7E96DF8B34D40A7F,2003759,60,8,0,0
20289,7EA33E596F507696,2003759,60,8,0,0
20307,7EBD62C033594DC9,2003759,66,409,0,0
20425,7F8A038C3A295FAB,2003759,84,9.3,1,1
20464,7FCC4C31B964747E,2003759,60,8,0,1
20498,8033266B5E9C8762,2003759,60,19,0,0
20541,805E85F2446203DB,2003759,69,9,1,1
20546,8060844CDBF9FA09,2003759,589,409,0,1
20561,8060844CDBF9FA09,2003759,60,19,0,0
20629,80A99613EDC512C7,2003759,75,8,0,1
20631,80A99613EDC512C7,2003759,60,7,1,1
20633,80A99613EDC512C7,2003759,60,9,1,0
20632,80A99613EDC512C7,2003759,60,9,1,0
20630,80A99613EDC512C7,2003759,32,9,1,0
20714,812AEFAA201FDBC3,2003759,2892,19,0,1
20713,812AEFAA201FDBC3,2003759,180,9.166666667,1,0
20712,812AEFAA201FDBC3,2003759,60,8,0,0
20711,812AEFAA201FDBC3,2003759,60,11.5,1,0
20710,812AEFAA201FDBC3,2003759,60,9.3,0,0
20707,812AEFAA201FDBC3,2003759,60,12,1,0
20765,81660EF9D7FDF158,2003759,127,9,1,1
20764,81660EF9D7FDF158,2003759,60,11.5,1,0
20762,81660EF9D7FDF158,2003759,60,9.3,1,0
20758,81660EF9D7FDF158,2003759,78,409,0,0
20757,81660EF9D7FDF158,2003759,116,409,0,0
20795,81B8D59A853D145B,2003759,1,409,0,0
20793,81B8D59A853D145B,2003759,0,409,0,0
20877,824BFC2DFCA06D39,2003759,60,409,0,0
20879,82520813F54E3E4A,2003759,463,409,0,0
20950,829B7B6E7DB26065,2003759,478,409,0,0
20978,82B82F280A43EDF8,2003759,60,9.3,1,0
20992,82D0FF9B0B61ACD5,2003759,997,8,0,1
20993,82D0FF9B0B61ACD5,2003759,457,9,1,0
21005,82D32DD4085E2EA4,2003759,64,8,0,1
21007,82D32DD4085E2EA4,2003759,60,9.3,1,0
21047,82FAE7BA3D751F90,2003759,60,8,0,1
21057,830F3A24194F3185,2003759,16,409,0,0
21084,83401380AAB30DB7,2003759,683,409,0,1
21106,83401380AAB30DB7,2003759,71,9.3,0,1
21109,83401380AAB30DB7,2003759,60,11.5,1,0
21108,83401380AAB30DB7,2003759,120,1.1,1,0
21097,83401380AAB30DB7,2003759,150,14,1,0
21089,83401380AAB30DB7,2003759,1015,409,0,0
21087,83401380AAB30DB7,2003759,7,409,0,0
21135,8349A4352409CFF7,2003759,71,409,0,0
21152,834F167FCB307399,2003759,60,8,0,1
21153,834F167FCB307399,2003759,1288,7,1,0
21151,834F167FCB307399,2003759,66,9,1,0
21182,836C1ECFD2466512,2003759,60,9,1,1
21183,836C1ECFD2466512,2003759,85,9,1,1
21285,84A49EB1794FA480,2003759,60,8,0,0
21332,8512BF349DA27E91,2003759,60,8,0,0
21331,8512BF349DA27E91,2003759,68,8,0,0
21461,859FAAD0AC781DCC,2003759,63,409,0,0
21543,86706628C80907B3,2003759,794,9,1,1
21544,86706628C80907B3,2003759,97,9.5,1,0
21553,8685281AD98A3C87,2003759,34,9.3,1,0
21562,86A37935E1764A90,2003759,120,409,0,1
21561,86A37935E1764A90,2003759,60,409,0,0
21592,86CEEAADEEB35640,2003759,37,9,1,0
21677,8798BEA7D7D214A1,2003759,60,409,0,0
21703,87E014AFA775C302,2003759,65,19,0,1
21734,8833B129BCC4353D,2003759,65,13,1,1
21770,88755A9FE47E8EF0,2003759,60,9.3,1,0
21767,88755A9FE47E8EF0,2003759,64,9.3,1,0
21768,88755A9FE47E8EF0,2003759,60,9.3,1,0
21766,88755A9FE47E8EF0,2003759,2457,9,1,0
21816,88D8FB23D1DFBC62,2003759,60,8,0,0
21982,8ADAE1E3B092CA58,2003759,212,9,1,1
21976,8ADAE1E3B092CA58,2003759,1,409,0,0
21997,8AF181D9A6E508DE,2003759,60,8,0,1
21996,8AF181D9A6E508DE,2003759,60,19,0,0
21992,8AF181D9A6E508DE,2003759,60,19,0,0
22090,8B8F88F7D2305170,2003759,2031,9.3,1,1
22088,8B8F88F7D2305170,2003759,60,8,0,0
22119,8BB90181DBEDA419,2003759,83,13,1,1
22328,8D9C0DDFE97D5A88,2003759,61,409,0,0
22353,8DBA21CA487F9383,2003759,60,9,1,1
22360,8DC79284BCA2B231,2003759,121,19,0,0
22390,8DFE9120248FB571,2003759,3448,9.3,1,1
22391,8DFE9120248FB571,2003759,120,11.5,1,0
22400,8E088FEB7DF1DE17,2003759,60,9.3,1,0
22399,8E088FEB7DF1DE17,2003759,60,9.3,1,0
22401,8E088FEB7DF1DE17,2003759,2,7,1,0
22419,8E08AC797268BC53,2003759,136,8,0,1
22418,8E08AC797268BC53,2003759,229,8,0,0
22450,8E39A49EA1D474EC,2003759,361,9.5,1,1
22449,8E39A49EA1D474EC,2003759,60,9,1,0
22472,8E85C9C7EA223098,2003759,327,11,1,0
22499,8E9684C1B6AF3492,2003759,60,9.5,1,0
22535,8ECC84897C39F592,2003759,107,8,0,0
22560,8EDECA512E53FDCD,2003759,60,9.3,1,1
22550,8EDECA512E53FDCD,2003759,60,409,0,0
22602,8F229ACEC61C6286,2003759,16,12,1,0
22629,8F81774A2A1C21B5,2003759,120,409,0,1
22684,8F90F4D660FD7CF1,2003759,60,9.5,1,0
22683,8F90F4D660FD7CF1,2003759,60,9.3,0,0
22697,8F9C34E830E14978,2003759,51,12,1,0
22715,8F9FA0F741759BF0,2003759,60,8,0,1
22716,8F9FA0F741759BF0,2003759,60,8,0,0
22712,8F9FA0F741759BF0,2003759,60,13,1,0
22747,8FD031954CD921B9,2003759,478,19,0,0
22854,904A1E683FE72059,2003759,14,9,1,0
23002,9113E4C95A9A6B2C,2003759,66,19,0,1
23004,9113E4C95A9A6B2C,2003759,60,9.3,1,0
23041,912C7FB9F15F418B,2003759,60,19,0,0
23058,914643013AD7C6C0,2003759,120,9,1,1
23108,91A1E08C7C83ACA6,2003759,60,9,1,0
23130,91C43F2EA989620C,2003759,83,8,0,1
23199,921EF306B220D652,2003759,60,8,0,0
23240,924B27390DE0D198,2003759,1960,409,0,1
23264,924B27390DE0D198,2003759,279,8,0,1
23263,924B27390DE0D198,2003759,60,19,0,0
23267,924B27390DE0D198,2003759,60,9.3,1,0
23260,924B27390DE0D198,2003759,60,19,0,0
23241,924B27390DE0D198,2003759,60,409,0,0
23300,929E6BE46149B774,2003759,5,9,1,0
23321,92AB3CEA9838FB2F,2003759,5,409,0,0
23381,932DDD275F2CDAC6,2003759,157,9.5,1,1
23415,935AC36C3CCE41AC,2003759,60,9.5,1,0
23411,935AC36C3CCE41AC,2003759,60,19,0,0
23450,936DCFCFAEB1F39F,2003759,1820,9.006976744,1,0
23461,9386047B6116299D,2003759,1,409,0,0
23471,939192D044482B52,2003759,60,1.1,1,1
23472,939192D044482B52,2003759,69,9,1,0
23468,939192D044482B52,2003759,120,409,0,0
23525,942651D3CB30A7AD,2003759,60,409,0,0
23593,95285035E24686DF,2003759,60,19,0,1
23590,95285035E24686DF,2003759,60,19,0,0
23599,95396B35C2E56E1E,2003759,60,19,0,0
23664,955726646F46C82E,2003759,73,9.3,1,0
23662,955726646F46C82E,2003759,60,19,0,0
23635,955726646F46C82E,2003759,60,409,0,0
23743,9591F2B61006179E,2003759,60,9,1,1
23787,95F745CA041F6937,2003759,24,409,0,0
23891,975EEAD214E5BC81,2003759,3,409,0,0
23943,97BEBE0169F5DAA9,2003759,60,9.5,1,1
23942,97BEBE0169F5DAA9,2003759,60,8,0,0
24265,9996639C0BBFFE32,2003759,295,9,1,1
24283,99CB244EE59738C7,2003759,55,409,0,0
24282,99CB244EE59738C7,2003759,60,409,0,0
24347,9A5CE35C6B59DA2B,2003759,454,13,1,1
24392,9A7DBCDD0D3A63D9,2003759,60,8,0,1
24392,9A7DBCDD0D3A63D9,2003759,60,8,0,1
24396,9A7DBCDD0D3A63D9,2003759,120,9,1,0
24395,9A7DBCDD0D3A63D9,2003759,129,8,0,0
24394,9A7DBCDD0D3A63D9,2003759,138,9.166666667,1,0
24393,9A7DBCDD0D3A63D9,2003759,142,1.1,1,0
24389,9A7DBCDD0D3A63D9,2003759,60,9.3,1,0
24388,9A7DBCDD0D3A63D9,2003759,2653,8,0,0
24370,9A7DBCDD0D3A63D9,2003759,1082,409,0,0
24422,9A8FC52C1F104B65,2003759,587,9.3,1,1
24459,9AEB1588E11B0F39,2003759,142,19,0,1
24520,9B5C80F49338E314,2003759,98,9.3,1,1
24621,9C58E5A5B6A39FB9,2003759,60,409,0,0
24640,9C997BA78DC4E6BC,2003759,246,409,0,0
24679,9D0C58C4C21307F2,2003759,295,409,0,0
24727,9D2F83E692FA8336,2003759,58,409,0,0
24724,9D2F83E692FA8336,2003759,56,409,0,0
24744,9D3F4DD9B8E3E5FE,2003759,30,13,1,1
24795,9DB5C8CEA7FF1EAE,2003759,66,9.5,1,1
24794,9DB5C8CEA7FF1EAE,2003759,60,9,1,0
24793,9DB5C8CEA7FF1EAE,2003759,60,8,0,0
24790,9DB5C8CEA7FF1EAE,2003759,60,9.3,0,0
24945,9E74992A87815E08,2003759,63,9.5,1,0
24944,9E74992A87815E08,2003759,64,9,1,0
25068,9F64ABCED3CCD6DB,2003759,8,8,0,0
25123,9F9FA2DA446B1147,2003759,60,8,0,1
25120,9F9FA2DA446B1147,2003759,347,8,0,0
25119,9F9FA2DA446B1147,2003759,64,19,0,0
25114,9F9FA2DA446B1147,2003759,60,11,1,0
25098,9F9FA2DA446B1147,2003759,60,409,0,0
25096,9F9FA2DA446B1147,2003759,149,409,0,0
25095,9F9FA2DA446B1147,2003759,26,409,0,0
25092,9F9FA2DA446B1147,2003759,60,409,0,0
25216,A042E468E71DE4BD,2003759,1,409,0,0
25225,A04EF2C43E4CAA2A,2003759,454,8,0,0
25298,A072D070256F0F47,2003759,60,8,0,0
25289,A072D070256F0F47,2003759,60,13,1,0
25433,A109505BBE2129E8,2003759,60,409,0,0
25432,A109505BBE2129E8,2003759,60,409,0,0
25460,A14AE00803CFB74F,2003759,66,9,1,0
25508,A18CF6E61EEFD42D,2003759,60,9,1,0
25505,A18CF6E61EEFD42D,2003759,60,19,0,0
25504,A18CF6E61EEFD42D,2003759,60,19,0,0
25538,A1B4361B243569A7,2003759,68,9,1,1
25544,A1CD38DCDB79AD74,2003759,60,409,0,0
25599,A209BDE30A2A8CC3,2003759,1079,409,0,1
25597,A209BDE30A2A8CC3,2003759,60,409,0,0
25632,A23376BE4D99B06B,2003759,120,9,1,1
25742,A33B9F88DB4C6838,2003759,456,9,1,0
25754,A35DBBC9278C800C,2003759,93,9,1,0
25750,A35DBBC9278C800C,2003759,2221,409,0,0
25862,A42AA7F5F185295A,2003759,56,409,0,0
25855,A42AA7F5F185295A,2003759,0,409,0,0
25961,A45F132E5B23A6E6,2003759,60,409,0,0
25981,A4AB51D675D27B69,2003759,66,11,1,1
25982,A4AB51D675D27B69,2003759,1345,9,1,0
25996,A4B5831E4977DA06,2003759,84,9.3,1,0
26060,A53064A17E368872,2003759,60,8,0,1
26067,A5412AD2E6363DBA,2003759,65,9,1,0
26090,A556EADEE48B4356,2003759,2,409,0,0
26251,A663501B0B50351F,2003759,412,9,1,1
26271,A68A5D4F350E2A4D,2003759,60,13,1,0
26347,A6DF43659E1FF38C,2003759,60,8,0,0
26380,A6FA84B2C12479E4,2003759,62,19,0,1
26380,A6FA84B2C12479E4,2003759,62,19,0,1
26379,A6FA84B2C12479E4,2003759,101,9.5,1,0
26406,A70C4A2FF26C5BBC,2003759,60,9.5,1,0
26418,A71E218C56A0F844,2003759,60,19,0,0
26440,A76B136B4C7DC7EB,2003759,57,409,0,0
26509,A7DB0A6ED397D8DA,2003759,13,9.3,1,0
26527,A7DCB06A2D377ABF,2003759,877,9,1,1
26523,A7DCB06A2D377ABF,2003759,64,9.3,1,0
26594,A80782D766FA6C0C,2003759,27,409,0,0
26592,A80782D766FA6C0C,2003759,60,409,0,0
26716,A8A4E5780986F0B6,2003759,60,19,0,0
26761,A9027B99071F8FAA,2003759,330,13,1,1
26821,A938DD5B9C9975DE,2003759,73,9,1,0
26849,A983162F76DBF0A2,2003759,60,19,0,1
26850,A98AD3961848F444,2003759,62,409,0,0
26895,A99249CDA8B962AE,2003759,60,409,0,0
27015,AA1B20C40E0B5FEA,2003759,0,409,0,0
27025,AA1E4D8955654961,2003759,1,409,0,0
27186,AAE198FA6C3AFA37,2003759,5525,9.166666667,1,1
27185,AAE198FA6C3AFA37,2003759,60,9,1,0
27184,AAE198FA6C3AFA37,2003759,60,8,0,0
27205,AAE323A35874402D,2003759,0,409,0,0
27225,AAE4B803CA1A6C98,2003759,2,409,0,0
27253,AAEEF6234BBAD4F4,2003759,60,9.3,1,0
27252,AAEEF6234BBAD4F4,2003759,60,8,0,0
27235,AAEEF6234BBAD4F4,2003759,117,19,0,0
27233,AAEEF6234BBAD4F4,2003759,61,409,0,0
27322,AB2CEBD72BD24809,2003759,120,12,1,0
27321,AB2CEBD72BD24809,2003759,60,11,1,0
27320,AB2CEBD72BD24809,2003759,60,11,1,0
27402,AC017437F0DA12A4,2003759,265,409,0,0
27482,AC8B2A03ACCA3983,2003759,60,409,0,0
27497,AC9054F9CCD7AB8D,2003759,60,11,1,1
27692,AE070DDCCC15CE3B,2003759,160,9,1,0
27786,AEE161078B49AD7C,2003759,1262,409,0,1
27786,AEE161078B49AD7C,2003759,1262,409,0,1
27785,AEE161078B49AD7C,2003759,61,409,0,0
27818,AF0B7C02377787D4,2003759,1012,15.33333333,0,1
27820,AF0B7C02377787D4,2003759,69,9.3,1,0
27819,AF0B7C02377787D4,2003759,60,9,1,0
27837,AF22E915E885069F,2003759,164,19,0,0
27873,AF59E3890209D24C,2003759,60,409,0,0
27891,AF68DA4CB2FBB886,2003759,60,9.3,1,0
28011,B031AF4C5DEE32E3,2003759,895,9.5,1,0
28010,B031AF4C5DEE32E3,2003759,891,11.5,1,0
28005,B031AF4C5DEE32E3,2003759,1080,8,0,0
28004,B031AF4C5DEE32E3,2003759,60,19,0,0
28029,B04E392459CBC044,2003759,653,9.3,1,1
28033,B05D4EE915D138A1,2003759,41,11,1,0
28122,B0DB776F2972E827,2003759,216,9,1,0
28121,B0DB776F2972E827,2003759,60,8,0,0
28129,B0E131FC87828E21,2003759,36,409,0,0
28127,B0E131FC87828E21,2003759,176,409,0,0
28182,B13A22F58A24B42D,2003759,440,9,1,1
28208,B17FA6100E79BD98,2003759,60,19,0,0
28200,B17FA6100E79BD98,2003759,11,409,0,0
28285,B228660E44F9C2E7,2003759,57,19,0,0
28338,B27ACB141002BB4B,2003759,83,19,0,1
28430,B31E1ED6E769AD5D,2003759,73,19,0,0
28448,B331D33E797EFB2F,2003759,2641,409,0,1
28448,B331D33E797EFB2F,2003759,2641,409,0,1
28448,B331D33E797EFB2F,2003759,2641,409,0,1
28458,B331D33E797EFB2F,2003759,60,19,0,0
28465,B3336EE080B405D8,2003759,293,409,0,0
28535,B39C50DCEC29B3BF,2003759,115,409,0,0
28556,B3BF5CD3B7C2A273,2003759,18,11.5,1,0
28588,B41F193BF9E60697,2003759,60,409,0,0
28586,B41F193BF9E60697,2003759,60,409,0,0
28646,B48AB71AE56A2077,2003759,833,4.433333333,1,1
28645,B48AB71AE56A2077,2003759,120,8.65,1,0
28644,B48AB71AE56A2077,2003759,111,19,0,0
28671,B49387A7F44CA5FA,2003759,41,9.5,1,0
28709,B4E13BEE585B5800,2003759,121,9,1,0
28708,B4E13BEE585B5800,2003759,60,8,0,0
28752,B52E92B7DC2ED169,2003759,67,19,0,0
28774,B53474CEFC3A0BEE,2003759,59,409,0,0
28842,B5A754B763BD0E7B,2003759,277,8,0,0
28926,B641E1EC36CAD3EC,2003759,111,13,1,0
28964,B6909E0EF4CEAC00,2003759,74,19,0,0
29048,B74771DFE19EF6F7,2003759,60,9,1,0
29099,B7708B99184EF317,2003759,121,8,0,0
29115,B77D7C70CB94C54A,2003759,60,9.3,1,1
29117,B77D7C70CB94C54A,2003759,22,9.5,1,1
29170,B7C2BC8622FC6510,2003759,1,409,0,0
29199,B7EBF7B83EB45E0C,2003759,60,1.1,1,1
29201,B7EBF7B83EB45E0C,2003759,229,9,1,0
29238,B7F2578EFA8AA778,2003759,247,19,0,1
29235,B7F2578EFA8AA778,2003759,1563,9.3,1,0
29221,B7F2578EFA8AA778,2003759,60,409,0,0
29220,B7F2578EFA8AA778,2003759,60,409,0,0
29300,B83E3203C24E80A3,2003759,1890,13,1,0
29296,B83E3203C24E80A3,2003759,12,409,0,0
29315,B8401978FB192937,2003759,60,9.3,1,0
29359,B8A2416C154A79D7,2003759,60,7,1,0
29358,B8A2416C154A79D7,2003759,60,8,0,0
29357,B8A2416C154A79D7,2003759,60,9.3,0,0
29443,B92F131531B9B8EC,2003759,17,12,1,0
29496,B991E39455B5ECD6,2003759,16,12,1,0
29567,BA1A9100E9706803,2003759,60,1.1,1,1
29568,BA1A9100E9706803,2003759,120,9.75,1,0
29565,BA1A9100E9706803,2003759,79,9,1,0
29580,BA3EDEB085BC168B,2003759,60,409,0,0
29588,BA4728B6321840ED,2003759,811,13,1,1
29601,BA6926827E88CA60,2003759,70,8,0,1
29677,BAC57536A2C39A3C,2003759,60,9,1,0
29676,BAC57536A2C39A3C,2003759,60,19,0,0
29730,BAC57B7675E65E1D,2003759,4301,9.571428571,0,1
29730,BAC57B7675E65E1D,2003759,4301,9.571428571,0,1
29744,BAC57B7675E65E1D,2003759,60,19,0,0
29743,BAC57B7675E65E1D,2003759,60,9,1,0
29741,BAC57B7675E65E1D,2003759,60,9.3,1,0
29740,BAC57B7675E65E1D,2003759,60,7,1,0
29736,BAC57B7675E65E1D,2003759,1145,19,0,0
29717,BAC57B7675E65E1D,2003759,156,8,0,0
29814,BB251BE3668655A7,2003759,60,19,0,1
29809,BB251BE3668655A7,2003759,285,19,0,0
29834,BB4C07F266B022A8,2003759,319,9.3,0,1
29887,BBB8EA82889AB7A2,2003759,2,409,0,0
29905,BBC626D95E9F2218,2003759,60,19,0,0
29968,BBEF26C48923166A,2003759,60,9,1,0
30042,BC60C3501B57D46A,2003759,182,409,0,0
30111,BD004ED2F5FAD272,2003759,109,8,0,1
30218,BD7FC14EE7EFDB1D,2003759,62,409,0,0
30241,BDB623C2C165BC01,2003759,60,9,1,0
30324,BE0E72AAEE282E29,2003759,193,9,1,1
30322,BE0E72AAEE282E29,2003759,60,19,0,0
30320,BE0E72AAEE282E29,2003759,60,19,0,0
30348,BE4ADB6E5571CA00,2003759,60,13,1,0
30459,BF60ED8B5332B5B8,2003759,60,8,0,0
30458,BF60ED8B5332B5B8,2003759,69,9.3,1,0
30478,BF7B89B5A2559B73,2003759,0,409,0,0
30483,BFA6452C8F32CFF6,2003759,59,409,0,0
30512,C01175946B754D3E,2003759,84,11,1,1
30533,C014FCA4F37287A6,2003759,60,9.5,1,0
30542,C01DCF54DA4755FC,2003759,71,9.5,1,0
30567,C06D99437BB2865E,2003759,146,409,0,1
30580,C06D99437BB2865E,2003759,1105,9.3,1,1
30583,C06D99437BB2865E,2003759,1664,19,0,0
30579,C06D99437BB2865E,2003759,1224,9,1,0
30578,C06D99437BB2865E,2003759,60,8,0,0
30575,C06D99437BB2865E,2003759,60,19,0,0
30570,C06D99437BB2865E,2003759,6,19,0,0
30589,C07D93C4C1F0BC8E,2003759,60,19,0,0
30598,C0CA7A666F689E90,2003759,60,409,0,1
30617,C0CA7A666F689E90,2003759,120,10,1,1
30619,C0CA7A666F689E90,2003759,60,19,0,1
30605,C0CA7A666F689E90,2003759,102,13,1,0
30627,C0CAD4E24EC74B12,2003759,60,9.3,1,0
30633,C0E70717BB2C69EE,2003759,15,409,0,0
30685,C171FE1AAC944100,2003759,284,13,1,0
30800,C1C4A1A77C0B4918,2003759,60,19,0,0
30951,C35F6343AFD9065A,2003759,106,9.3,1,0
31012,C440D35AC995FC91,2003759,9,409,0,0
31034,C46B1E4B62F3EA69,2003759,2724,9.3,1,1
31073,C46C373459C3CEED,2003759,65,19,0,0
31099,C47E5FA882F44788,2003759,60,409,0,1
31098,C47E5FA882F44788,2003759,60,409,0,0
31115,C49BCDCF68381B65,2003759,61,409,0,0
31133,C49E8491887DEA74,2003759,60,19,0,0
31206,C4FE935C1B0F57DB,2003759,60,9.3,0,0
31213,C53FF84C1E97BF48,2003759,133,11,1,0
31235,C59D1AC761B01188,2003759,241,9,1,1
31236,C59D1AC761B01188,2003759,65,19,0,0
31248,C5A155F7BB1BAD2C,2003759,289,9.5,1,1
31275,C5C3EC35DE8B6274,2003759,40,8,0,0
31286,C5D331341C8885EF,2003759,60,8,0,1
31348,C6675644D39CBCD8,2003759,60,409,0,1
31415,C69FFB0AF997C3D8,2003759,31,11,1,1
31601,C7B984E5CDD3305B,2003759,60,9,1,1
31607,C7B984E5CDD3305B,2003759,66,19,0,0
31605,C7B984E5CDD3305B,2003759,60,8,0,0
31603,C7B984E5CDD3305B,2003759,60,7,1,0
31600,C7B984E5CDD3305B,2003759,714,9.3,0,0
31589,C7B984E5CDD3305B,2003759,2997,19,0,0
31626,C7EA1B3E74FB402E,2003759,523,409,0,1
31629,C7EA1B3E74FB402E,2003759,178,13,1,0
31625,C7EA1B3E74FB402E,2003759,60,409,0,0
31624,C7EA1B3E74FB402E,2003759,60,409,0,0
31623,C7EA1B3E74FB402E,2003759,60,409,0,0
31622,C7EA1B3E74FB402E,2003759,68,409,0,0
31713,C85236A93284681B,2003759,60,9.3,1,0
31801,C9587A2C11E4F8BC,2003759,1546,13,1,0
31860,CA227D786AB1F5ED,2003759,72,9,1,1
31857,CA227D786AB1F5ED,2003759,105,8,0,0
31893,CA3BBEB621AA1BE0,2003759,307,9,1,1
31899,CA3BBEB621AA1BE0,2003759,2307,19,0,1
31899,CA3BBEB621AA1BE0,2003759,2307,19,0,1
31898,CA3BBEB621AA1BE0,2003759,3137,9.5,1,0
31897,CA3BBEB621AA1BE0,2003759,60,9,1,0
31892,CA3BBEB621AA1BE0,2003759,256,8.65,0,0
31886,CA3BBEB621AA1BE0,2003759,60,19,0,0
31868,CA3BBEB621AA1BE0,2003759,2796,409,0,0
31929,CA4489AD81845302,2003759,82,8,0,0
31928,CA4489AD81845302,2003759,60,9.3,1,0
32008,CAB056FC86CAC6BA,2003759,64,19,0,1
32075,CB12D28A959223AB,2003759,60,409,0,0
32128,CBAD4FF866316592,2003759,60,19,0,1
32127,CBAD4FF866316592,2003759,60,19,0,0
32168,CC262E4272FC759F,2003759,1042,19,0,0
32167,CC262E4272FC759F,2003759,60,9,1,0
32181,CC2F3A45F443D9F0,2003759,56,409,0,0
32243,CC80F34AEF7DA283,2003759,226,9.3,1,1
32245,CC80F34AEF7DA283,2003759,70,9,1,0
32244,CC80F34AEF7DA283,2003759,60,8,0,0
32249,CC935FBB97CC5E5A,2003759,111,11,1,1
32250,CC935FBB97CC5E5A,2003759,159,9,1,0
32274,CCB1DD1B2819C76C,2003759,1720,9,1,1
32436,CDFEEAD825C3C89D,2003759,60,409,0,0
32482,CEA112AB59E226BB,2003759,60,409,0,0
32485,CEA16B910A2832F3,2003759,379,9,1,1
32510,CEBFB35AF8E6972A,2003759,136,8,0,0
32557,CF47AAB61EE5FD0D,2003759,65,19,0,1
32558,CF47AAB61EE5FD0D,2003759,60,8,0,1
32560,CF47AAB61EE5FD0D,2003759,1454,9.3,1,1
32683,CFC08B26CA5AB0AF,2003759,27,13,1,1
32697,CFD4EC8E1C06D2C0,2003759,60,409,0,0
32702,CFD869AAF6024B65,2003759,5080,9.3,1,1
32786,D03D30EBE1B2E13D,2003759,60,9,1,0
32787,D03D30EBE1B2E13D,2003759,60,9,1,0
32781,D03D30EBE1B2E13D,2003759,60,9.3,0,0
32750,D03D30EBE1B2E13D,2003759,60,409,0,0
32828,D07A5C703A4A7F44,2003759,65,19,0,0
32827,D07A5C703A4A7F44,2003759,5,9.3,1,0
32887,D0C9E0305C7261A8,2003759,317,9,1,1
32918,D0D90D18D1DE9855,2003759,2326,19,0,1
32919,D0D90D18D1DE9855,2003759,3367,8,0,1
32927,D0D90D18D1DE9855,2003759,222,19,0,1
32925,D0D90D18D1DE9855,2003759,60,8,0,0
32924,D0D90D18D1DE9855,2003759,60,9.3,1,0
32923,D0D90D18D1DE9855,2003759,193,8,0,0
32922,D0D90D18D1DE9855,2003759,77,19,0,0
32902,D0D90D18D1DE9855,2003759,16,409,0,0
32967,D14C21F902CA39A6,2003759,60,9.3,1,0
32990,D18B4C56206BC800,2003759,60,8,0,0
33165,D2894CE6412778F2,2003759,21,19,0,0
33189,D2AC4363347F7FDB,2003759,0,409,0,0
33188,D2AC4363347F7FDB,2003759,2942,409,0,0
33186,D2AC4363347F7FDB,2003759,1,19,0,0
33185,D2AC4363347F7FDB,2003759,60,409,0,0
33264,D36BD2FB9949D7D8,2003759,351,13,1,0
33332,D40919298BD09F20,2003759,885,409,0,1
33359,D40919298BD09F20,2003759,60,8,0,1
33360,D40919298BD09F20,2003759,145,8,0,1
33402,D429E61A6D5A8483,2003759,1,409,0,0
33480,D49A4E8AFB7F55E5,2003759,38,19,0,0
33494,D4B6AD1A42E86CF4,2003759,626,409,0,1
33509,D4B6AD1A42E86CF4,2003759,120,9.3,1,1
33508,D4B6AD1A42E86CF4,2003759,60,9,1,0
33493,D4B6AD1A42E86CF4,2003759,60,409,0,0
33492,D4B6AD1A42E86CF4,2003759,56,409,0,0
33490,D4B6AD1A42E86CF4,2003759,60,409,0,0
33535,D4DC6C280A1F6EB8,2003759,2066,19,0,1
33561,D4E16E07AA40BC77,2003759,64,9.5,1,1
33562,D4E16E07AA40BC77,2003759,125,19,0,1
33558,D4E16E07AA40BC77,2003759,180,5.366666667,1,0
33560,D4E16E07AA40BC77,2003759,120,10,1,0
33557,D4E16E07AA40BC77,2003759,60,9.3,1,0
33559,D4E16E07AA40BC77,2003759,60,8,0,0
33541,D4E16E07AA40BC77,2003759,60,409,0,0
33609,D54E8518B80E5236,2003759,60,9.3,1,1
33713,D5DA214EF9EF7901,2003759,60,9.5,1,1
33710,D5DA214EF9EF7901,2003759,60,9.3,1,0
33707,D5DA214EF9EF7901,2003759,32,8,0,0
33760,D6211DEEE5CDF038,2003759,72,9.5,1,1
33761,D6211DEEE5CDF038,2003759,60,19,0,0
33758,D6211DEEE5CDF038,2003759,60,9.3,0,0
33854,D68D262400A55425,2003759,180,409,0,0
33861,D6902DDD82CDFCF0,2003759,60,9,1,0
33875,D6A9D4E89232982D,2003759,60,13,1,1
33902,D6AE7EB2F926E30F,2003759,60,19,0,0
33935,D6D26BAB41D9971D,2003759,60,9,1,0
33956,D6DEFF44D8E5F29F,2003759,56,409,0,0
33986,D703D037837A1DB0,2003759,1,409,0,0
33998,D71E245F32F9FC23,2003759,60,409,0,1
34138,D8342511CE8F74E2,2003759,106,9,1,0
34137,D8342511CE8F74E2,2003759,60,9.3,1,0
34163,D8657E013E4EE2BE,2003759,302,9,1,1
34355,DA210B573E91B030,2003759,60,409,0,0
34412,DA88B266DA6BA653,2003759,0,409,0,0
34419,DA94023640C00886,2003759,66,9.5,1,0
34429,DAA3E1A6FC37CAD4,2003759,60,19,0,0
34433,DAA9F4F3A98BADC1,2003759,485,409,0,0
34461,DAC2B9CD898B3D8D,2003759,73,409,0,1
34460,DAC2B9CD898B3D8D,2003759,60,409,0,0
34549,DB617187F81C1526,2003759,2086,9.5,1,1
34549,DB617187F81C1526,2003759,2086,9.5,1,1
34550,DB617187F81C1526,2003759,65,19,0,0
34541,DB617187F81C1526,2003759,60,409,0,0
34562,DB69F70D03853B8B,2003759,3501,409,0,1
34562,DB69F70D03853B8B,2003759,3501,409,0,1
34562,DB69F70D03853B8B,2003759,3501,409,0,1
34562,DB69F70D03853B8B,2003759,3501,409,0,1
34562,DB69F70D03853B8B,2003759,3501,409,0,1
34577,DB69F70D03853B8B,2003759,60,13,1,0
34561,DB69F70D03853B8B,2003759,60,409,0,0
34560,DB69F70D03853B8B,2003759,60,409,0,0
34559,DB69F70D03853B8B,2003759,60,409,0,0
34557,DB69F70D03853B8B,2003759,60,19,0,0
34742,DC4C208550AB202C,2003759,60,19,0,0
34787,DCA0440C4D925203,2003759,1,409,0,0
34880,DCF80D6370DCEF24,2003759,110,19,0,1
35028,DDCAD53A0CC2A7BC,2003759,1,409,0,0
35161,DDE039A814805A84,2003759,2238,9.230769231,1,1
35115,DDE039A814805A84,2003759,120,19,0,0
35114,DDE039A814805A84,2003759,52,19,0,0
35152,DDE039A814805A84,2003759,60,9.3,1,0
35258,DDE9ED883FBCFBEC,2003759,71,8,0,1
35236,DDE9ED883FBCFBEC,2003759,60,409,0,0
35286,DE10B946EE561B1D,2003759,60,8,0,0
35314,DE36C171F192A626,2003759,0,409,0,0
35381,DE4888C84941B5B4,2003759,60,9.3,1,0
35400,DE6869E10FBA8691,2003759,0,409,0,0
35435,DE79DAA112254324,2003759,60,13,1,0
35439,DE8896324E48142F,2003759,60,11.5,1,0
35438,DE8896324E48142F,2003759,120,19,0,0
35473,DEE10BB2C14C5205,2003759,0,409,0,0
35515,DF2F765A96BC7D93,2003759,62,19,0,1
35511,DF2F765A96BC7D93,2003759,147,9.3,1,0
35668,DFBDAD032277AEB9,2003759,60,9,1,0
35677,DFC846BF1D76C8A3,2003759,1062,9,1,1
35676,DFC846BF1D76C8A3,2003759,60,8,0,0
35699,DFCE5D3FF8D4F8A3,2003759,60,9,1,1
35968,E2B2AF8639A696F6,2003759,427,9.3,0,0
36008,E317C66D43AD8DDE,2003759,98,13,1,1
36034,E3354B234AECF851,2003759,31,9,1,0
36088,E36B7CFBF06EF9B5,2003759,65,19,0,1
36103,E37A7390EA8972BA,2003759,120,4.05,1,1
36106,E37A7390EA8972BA,2003759,60,19,0,1
36105,E37A7390EA8972BA,2003759,195,8.6,1,0
36104,E37A7390EA8972BA,2003759,60,8,0,0
36102,E37A7390EA8972BA,2003759,60,8,0,0
36101,E37A7390EA8972BA,2003759,6,19,0,0
36116,E37C493C2849F3C4,2003759,60,409,0,0
36136,E3881823F970A3C0,2003759,60,8,0,0
36127,E3881823F970A3C0,2003759,0,409,0,0
36199,E3DC3C8819AE97ED,2003759,0,409,0,0
36354,E5268CDDEC854F70,2003759,466,8,0,1
36352,E5268CDDEC854F70,2003759,99,9.3,0,0
36351,E5268CDDEC854F70,2003759,60,9.3,1,0
36405,E5A35968A71E3F18,2003759,61,409,0,0
36417,E5BCD7463C5C8BB0,2003759,58,409,0,0
36524,E684B79D59F0C0A2,2003759,1794,9.3,1,1
36525,E684B79D59F0C0A2,2003759,60,8,0,0
36523,E684B79D59F0C0A2,2003759,282,9.3,1,0
36535,E6BD7B4B1BEB3345,2003759,5538,9,1,1
36654,E7BBCAD31F3DA23B,2003759,309,13,1,1
36811,E8DFA4204FDD7F7F,2003759,60,9,1,0
36821,E8ED705B66E2701B,2003759,120,9.3,1,1
36868,E957FE45C1E30E3E,2003759,39,19,0,0
36897,E9DCC9CE28C88D70,2003759,60,19,0,0
36944,EA08A3C42473A4BC,2003759,67,19,0,0
37106,EB6986355B66879A,2003759,10,409,0,1
37116,EB6986355B66879A,2003759,60,8,0,1
37113,EB6986355B66879A,2003759,109,14,1,0
37150,EB85D3B6F0ECE949,2003759,871,19,0,1
37150,EB85D3B6F0ECE949,2003759,871,19,0,1
37149,EB85D3B6F0ECE949,2003759,60,9.5,1,0
37148,EB85D3B6F0ECE949,2003759,374,9,1,0
37147,EB85D3B6F0ECE949,2003759,60,9,1,0
37203,EC0C0DDEF0D48194,2003759,56,409,0,0
37276,ECC3D306B9D20615,2003759,656,13,1,0
37299,ECEE0B2604E35368,2003759,63,409,0,1
37309,ECEE0B2604E35368,2003759,60,11,1,0
37329,ED63E3CFB73C1656,2003759,60,409,0,0
37371,ED838AC597E847A3,2003759,60,409,0,0
37413,EDABC7AF352DC2E6,2003759,1269,9.5,1,1
37413,EDABC7AF352DC2E6,2003759,1269,9.5,1,1
37411,EDABC7AF352DC2E6,2003759,60,8,0,0
37396,EDABC7AF352DC2E6,2003759,120,409,0,0
37420,EDB098321106A404,2003759,1962,9,1,1
37421,EDB098321106A404,2003759,60,9,1,0
37467,EE0D98AB1F1DA64F,2003759,551,409,0,1
37478,EE0D98AB1F1DA64F,2003759,130,9,1,1
37466,EE0D98AB1F1DA64F,2003759,63,409,0,0
37516,EE5917034CB5FD75,2003759,185,19,0,0
37577,EF0B6EB826D53AD5,2003759,159,19,0,1
37575,EF0B6EB826D53AD5,2003759,60,9.3,1,0
37602,EF1006E0A36DA7DA,2003759,120,19,0,0
37583,EF1006E0A36DA7DA,2003759,219,409,0,0
37662,EF12F2CDD9C56D05,2003759,2827,8,0,1
37676,EF12F2CDD9C56D05,2003759,184,9.3,1,1
37678,EF12F2CDD9C56D05,2003759,69,8,0,0
37675,EF12F2CDD9C56D05,2003759,60,9.3,1,0
37674,EF12F2CDD9C56D05,2003759,60,8,0,0
37660,EF12F2CDD9C56D05,2003759,60,19,0,0
37609,EF12F2CDD9C56D05,2003759,15,409,0,0
37606,EF12F2CDD9C56D05,2003759,60,19,0,0
37804,EFADE379CD189348,2003759,60,8,0,0
37842,F0184A7EF046C70D,2003759,60,13,1,0
37899,F0CC0BC901CE7E77,2003759,62,409,0,0
37936,F13D3E8C9698CC7B,2003759,120,19,0,1
37992,F20E893F131986E4,2003759,60,9,1,1
38050,F2697F39832CB710,2003759,60,8,0,0
38055,F269B5DDF2CAE30D,2003759,1,409,0,0
38059,F281710055D956DD,2003759,2998,409,0,0
38057,F281710055D956DD,2003759,60,409,0,0
38098,F2C7AE6D368B68FD,2003759,60,9.5,1,1
38099,F2C7AE6D368B68FD,2003759,8405,19,0,0
38093,F2C7AE6D368B68FD,2003759,60,9.3,0,0
38153,F381985145E7B8D8,2003759,112,9,1,1
38184,F3AB4796F5DFA4D4,2003759,13,19,0,0
38238,F41E86C8175B1E83,2003759,235,9.3,1,0
38237,F41E86C8175B1E83,2003759,60,9.3,1,0
38236,F41E86C8175B1E83,2003759,60,8,0,0
38246,F41F9363984008E6,2003759,949,7,1,0
38363,F524469389634B22,2003759,0,409,0,0
38369,F53B982E33927659,2003759,57,409,0,0
38409,F576FB20857902EC,2003759,227,11.5,1,0
38408,F576FB20857902EC,2003759,60,9.3,1,0
38418,F57DB791C3069AE9,2003759,60,409,0,0
38470,F5D1933ADCE9915E,2003759,60,9.3,1,0
38465,F5D1933ADCE9915E,2003759,698,409,0,0
38478,F5D2C9029273515D,2003759,60,409,0,0
38523,F5F93449FC4A17B9,2003759,64,9.5,1,1
38522,F5F93449FC4A17B9,2003759,60,9,1,0
38539,F605C99370B9F588,2003759,60,409,0,0
38849,F690B5CE98C60C6A,2003759,5262,7,1,1
38825,F690B5CE98C60C6A,2003759,39,12,1,0
38999,F75B566A7B72450E,2003759,60,9.3,1,1
39000,F75B566A7B72450E,2003759,570,8,0,1
39002,F75B566A7B72450E,2003759,228,16.625,1,0
39001,F75B566A7B72450E,2003759,60,9,1,0
38998,F75B566A7B72450E,2003759,388,9,1,0
38996,F75B566A7B72450E,2003759,60,19,0,0
38995,F75B566A7B72450E,2003759,60,8,0,0
39074,F7EFBDFF74FB7AC4,2003759,60,19,0,0
39116,F823CFA75E2DDF7C,2003759,60,409,0,0
39129,F82AD45889790EE8,2003759,1072,9.3,1,1
39132,F83E8BE663273B59,2003759,3,409,0,0
39179,F8672F5C1AF1C286,2003759,0,409,0,0
39256,F8B8B259EC2ECBE9,2003759,3148,19,0,1
39258,F8B8B259EC2ECBE9,2003759,60,8,0,0
39292,F921EF1876D7B3C8,2003759,134,8,0,0
39557,FB3BA40DB96F563B,2003759,60,409,0,0
39589,FB4B64CB49B9CCE1,2003759,1053,9.3,1,0
39645,FC08CF9CC0FECDCE,2003759,2859,9.333333333,1,0
39733,FC7BFC4FF3D50DBE,2003759,60,19,0,0
39761,FCA4E9C775D4F576,2003759,60,19,0,0
39823,FD1729DC79768AE3,2003759,1384,409,0,0
39851,FD30ECBA803F8900,2003759,60,409,0,0
39888,FD67CA718202A386,2003759,60,19,0,0
39905,FD723A957215243D,2003759,60,409,0,0
39956,FDC40E44687B128B,2003759,123,13,1,0
39962,FDCA08C80CABDC32,2003759,60,409,0,0
39960,FDCA08C80CABDC32,2003759,60,409,0,0
40060,FEDC9BCE9FCF6A15,2003759,60,409,0,0
40090,FEE397BDFE0E65D6,2003759,63,19,0,1
40181,FF372C1E5851F770,2003759,60,19,0,0
40180,FF372C1E5851F770,2003759,79,8,0,0
40179,FF372C1E5851F770,2003759,60,8,0,0
40178,FF372C1E5851F770,2003759,44,19,0,0
40218,FF745B8B3E225CE0,2003759,784,9,1,0
40249,FFD4993014A724BE,2003759,1315,409,0,1
40248,FFD4993014A724BE,2003759,60,409,0,0
